workflow	blob_sha1	original_events	bytes_delta	lane_normalized
v030-eg08-single-expansion.yml	4f84222f29d9d8f68c2474b2226e44eb32ff8e13	push,pull_request,workflow_dispatch	-1046	false
v030-federated-hybrid-rle-v7-effort.yml	2c3c4b7481cbe5d66b755a9c13d6d86823a8f044	pull_request,workflow_dispatch	-591	false
v030-federated-rle-fs-v6-effort.yml	4176f5a519fd01dd3cae7ab43ee20a88656ebbc9	pull_request,workflow_dispatch	-587	false
v030-logs-inverse-edge-oracle.yml	1949c1190deca0c95a52bcd45e98d9ddbef77b5e	pull_request,workflow_dispatch	-228	false
v030-medium-binary-terminal-parity.yml	546ad606f328810d7e87d4428e820fbed3e7e58e	pull_request,workflow_dispatch	-256	false
v030-parallel-candidate-oracle.yml	91d0f7187047e1a4ab9bd964555ace0609297ca6	pull_request,workflow_dispatch	-148	false
v030-r24-medium-binary-pack-generalization.yml	eb1ce6059a4e643b7d50ce815612b57f49248e32	pull_request,workflow_dispatch	-422	false
v030-r24-terminal-oracle.yml	6cbd6a8de23c1a237a38395ce9418574b0a441f4	pull_request,workflow_dispatch	-175	false
v030-r24-wide-chunk-oracle.yml	475aec28d96bc3191ce814a39dc6b36d30f81158	pull_request,workflow_dispatch	-239	false
v030-segmented-dict-oracle.yml	223bc096e52467bcfce32f6081b7208bf61163d6	pull_request,workflow_dispatch	-274	false
v030-segmented-solid-oracle.yml	5303eb86e476e6bc5fab0c6375d7fdde0d0d634f	pull_request,workflow_dispatch	-224	false
v030-r26-incremental-backups-floor-diagnostic.yml	7527174b7d1b46518ff91638c9e2821d3a0d2a10	pull_request,workflow_dispatch	-94	false
v030-r27-incremental-backups-floor-diagnostic.yml	cc4910a284a2626a58e17b5d8b591b2cdcdfe530	pull_request,workflow_dispatch	-259	true
v030-r28-incremental-backups-r24-carrying-cost-builder.yml	492cca54dc69abdceaeda2f8865129937d0a2917	pull_request,workflow_dispatch	-278	true
v030-r30-deflate-locality-risk-conditional-builder.yml	f8cc321676993c3d61451cc817b54df677442009	pull_request,workflow_dispatch	-254	false
v030-r31-regenerable-deflate-codec-effort-rehab.yml	20af8b88ad6a4c0308da96e2f8cfed414dc93492	pull_request,workflow_dispatch	-227	false
v030-r32-regenerable-deflate-output-dead-zstd-elision.yml	9713559df037cfda6a52c7c593484eb02b2920fc	pull_request,workflow_dispatch	-236	false
v030-r33-regenerable-deflate-residual-phase-attribution.yml	bc2d7640c3b2eed114c2ebc8f8404bab58e6cc45	pull_request,workflow_dispatch	-325	false
v030-r34-regenerable-deflate-same-run-phase-attribution.yml	87bd40e0993ba2131b74ff34d67e0f6a82ad7360	pull_request,workflow_dispatch	-327	false
v030-r35-regenerable-deflate-lock-caller-attribution.yml	7b0934a085eb4ab9fc445ab08c354b645900d4bc	pull_request,workflow_dispatch	-409	false
v030-r36-project-wait-owner.yml	754359dffcdadfcd53af997a4c8ac28757e25cea	pull_request,push,workflow_call,workflow_dispatch	-267	false
v030-r38-regenerable-deflate-encode-critical-path.yml	3fc5cbeb2876ffaf6993f74079c2dcd54ddaa889	pull_request,workflow_dispatch	-300	false
v029-local-pair-fusion.yml	80236097d6130550eb13be815c1927d2f9cf3525	pull_request,workflow_dispatch	-345	false
v030-r4-office-sfv2-physical-locality.yml	c01ee71499928ba6729642c60c28a17d3d234332	push,pull_request,workflow_dispatch	-982	false
v030-r4-office-sfv3-derived-views.yml	0b23247fb221fcb30c5d82199c7f8b4bf0bb48c5	push,pull_request,workflow_dispatch	-966	false
v030-r4-office-sfv4-all-member-skeleton.yml	a9e6e1cd89e8ceb26c5c1392c1eed7f28c1c9f41	push,pull_request,workflow_dispatch	-1106	false
v030-r4-composed-mode2-office-matrix.yml	d48e73e8268f8d8f8fa06328dd23d95764c1dbb3	push,pull_request,workflow_dispatch	-1916	false
v030-analytics-reusable-zstd-context.yml	2e59f8a8f498d2b0febf218a14f13a916abdef11	push,pull_request,workflow_dispatch	-358	false
v030-analytics-searchlog6-ablation.yml	51cca3a13bb124f13aa87bf12d16f55bcabe56ff	push,pull_request,workflow_dispatch	-350	false
v030-analytics-l19-cost-attribution.yml	11a47d9e5be95b524086552f22f1bc1f081dc216	push,pull_request,workflow_dispatch	-354	false
v030-analytics-margin-cpu-oracle.yml	68a99014467b35359cfb6c4782c9629c95ab017c	push,pull_request,workflow_dispatch	-466	false
v030-r4-npz-owner-budgeted-restart-locality.yml	2804af060b4c294248fd7175850243e43f6ee895	push,pull_request,workflow_dispatch	-1228	false
